﻿<env:Envelope
	xmlns:env="http://schemas.xmlsoap.org/soap/envelope/"
	xmlns:wsa="http://www.w3.org/2005/08/addressing">
	<env:Header>
		<wsa:Action>http://xmlns.oracle.com/apps/cdm/foundation/parties/organizationService/applicationModule//OrganizationService/createOrganizationResponse</wsa:Action>
		<wsa:MessageID>urn:uuid:d637d9ac-2e17-4b5a-9680-cadb2e6815d8</wsa:MessageID>
	</env:Header>
	<env:Body>
		<ns0:createOrganizationResponse
			xmlns:ns0="http://xmlns.oracle.com/apps/cdm/foundation/parties/organizationService/applicationModule/types/">
			<ns3:result
				xmlns:ns2="http://xmlns.oracle.com/apps/cdm/foundation/parties/organizationService/"
				xmlns:ns1="http://xmlns.oracle.com/apps/cdm/foundation/parties/partyService/"
				xmlns:ns3="http://xmlns.oracle.com/apps/cdm/foundation/parties/organizationService/applicationModule/types/"
				xmlns:tns="http://xmlns.oracle.com/adf/svc/errors/"
				xmlns:ns0="http://xmlns.oracle.com/adf/svc/types/"
				xmlns:ns5="http://xmlns.oracle.com/apps/cdm/foundation/parties/contactPointService/"
				xmlns:ns8="http://xmlns.oracle.com/apps/cdm/foundation/parties/relationshipService/"
				xmlns:xsi="http://www.w3.org/2001/XMLSchema-instance" xsi:type="ns2:OrganizationPartyResult">
				<ns2:Value>
					<ns2:PartyNumber>300001</ns2:PartyNumber>
					<ns2:PartyId>300000100488711</ns2:PartyId>
					<ns2:PartyType>ORGANIZATION</ns2:PartyType>
					<ns2:PartyName>Unit Test Alpha</ns2:PartyName>
					<ns2:LastUpdatedBy>kymeta_api</ns2:LastUpdatedBy>
					<ns2:ValidatedFlag xsi:nil="true"/>
					<ns2:LastUpdateLogin>D3C317DD7292B96DE053B68F480ACE2C</ns2:LastUpdateLogin>
					<ns2:CreationDate>2022-01-21T22:28:21.0Z</ns2:CreationDate>
					<ns2:RequestId xsi:nil="true"/>
					<ns2:LastUpdateDate>2022-01-21T22:28:22.131Z</ns2:LastUpdateDate>
					<ns2:CreatedBy>kymeta_api</ns2:CreatedBy>
					<ns2:OrigSystemReference>UNIT_TEST_REF</ns2:OrigSystemReference>
					<ns2:HQBranchIndicator xsi:nil="true"/>
					<ns2:DUNSNumberC xsi:nil="true"/>
					<ns2:SICCode xsi:nil="true"/>
					<ns2:JgzzFiscalCode xsi:nil="true"/>
					<ns2:Address1>2268 Goon Street</ns2:Address1>
					<ns2:Country>US</ns2:Country>
					<ns2:Address3 xsi:nil="true"/>
					<ns2:GroupType xsi:nil="true"/>
					<ns2:Address2 xsi:nil="true"/>
					<ns2:Address4 xsi:nil="true"/>
					<ns2:Status>A</ns2:Status>
					<ns2:City>Redmond</ns2:City>
					<ns2:PostalCode>98052</ns2:PostalCode>
					<ns2:County xsi:nil="true"/>
					<ns2:YearEstablished xsi:nil="true"/>
					<ns2:Province xsi:nil="true"/>
					<ns2:State>WA</ns2:State>
					<ns2:URL xsi:nil="true"/>
					<ns2:AnalysisFy xsi:nil="true"/>
					<ns2:SICCodeType xsi:nil="true"/>
					<ns2:EmailAddress xsi:nil="true"/>
					<ns2:FiscalYearendMonth xsi:nil="true"/>
					<ns2:EmployeesTotal xsi:nil="true"/>
					<ns2:CurrentFiscalYearPotentialRevenueAmount xsi:nil="true"/>
					<ns2:NextFyPotentialRevenueAmount xsi:nil="true"/>
					<ns2:GSAIndicatorFlag xsi:nil="true"/>
					<ns2:CategoryCode xsi:nil="true"/>
					<ns2:LanguageName xsi:nil="true"/>
					<ns2:MissionStatement xsi:nil="true"/>
					<ns2:ThirdPartyFlag xsi:nil="true"/>
					<ns2:HomeCountry xsi:nil="true"/>
					<ns2:CreatedByModule>HZ_WS</ns2:CreatedByModule>
					<ns2:ObjectVersionNumber>2</ns2:ObjectVersionNumber>
					<ns2:CertificationLevel xsi:nil="true"/>
					<ns2:CertReasonCode xsi:nil="true"/>
					<ns2:PrimaryPhonePurpose xsi:nil="true"/>
					<ns2:PrimaryPhoneContactPointId xsi:nil="true"/>
					<ns2:PrimaryPhoneLineType xsi:nil="true"/>
					<ns2:PrimaryPhoneCountryCode xsi:nil="true"/>
					<ns2:PrimaryPhoneAreaCode xsi:nil="true"/>
					<ns2:PrimaryPhoneNumber xsi:nil="true"/>
					<ns2:PreferredContactMethod xsi:nil="true"/>
					<ns2:PrimaryPhoneExtension xsi:nil="true"/>
					<ns2:IdenAddrLocationId>300000100488708</ns2:IdenAddrLocationId>
					<ns2:PrimaryURLContactPointId xsi:nil="true"/>
					<ns2:PrimaryEmailContactPointId xsi:nil="true"/>
					<ns2:IdenAddrPartySiteId>300000100488712</ns2:IdenAddrPartySiteId>
					<ns2:PreferredName xsi:nil="true"/>
					<ns2:PersonSecondLastName xsi:nil="true"/>
					<ns2:PreferredNameId xsi:nil="true"/>
					<ns2:TradingPartnerIdentifier xsi:nil="true"/>
					<ns2:PreferredContactPersonId xsi:nil="true"/>
					<ns2:PreferredFunctionalCurrency xsi:nil="true"/>
					<ns2:InternalFlag>false</ns2:InternalFlag>
					<ns2:Comments xsi:nil="true"/>
					<ns2:CeoName xsi:nil="true"/>
					<ns2:PrincipalName xsi:nil="true"/>
					<ns2:OrganizationSize xsi:nil="true"/>
					<ns2:PartyUniqueName>Alpha Trouble Alpha</ns2:PartyUniqueName>
					<ns2:SourceSystem xsi:nil="true"/>
					<ns2:SourceSystemReferenceValue xsi:nil="true"/>
					<ns2:SourceSystemUpdateDate xsi:nil="true"/>
					<ns2:OrganizationProfile
						xmlns:ns3="http://xmlns.oracle.com/apps/cdm/foundation/parties/flex/organization/">
						<ns2:OrganizationProfileId>300000100488711</ns2:OrganizationProfileId>
						<ns2:PartyId>300000100488711</ns2:PartyId>
						<ns2:OrganizationName>Unit Test Alpha</ns2:OrganizationName>
						<ns2:EnquiryDUNS xsi:nil="true"/>
						<ns2:CeoName xsi:nil="true"/>
						<ns2:CeoTitle xsi:nil="true"/>
						<ns2:PrincipalName xsi:nil="true"/>
						<ns2:PrincipalTitle xsi:nil="true"/>
						<ns2:LegalStatus xsi:nil="true"/>
						<ns2:ControlYr xsi:nil="true"/>
						<ns2:EmployeesTotal xsi:nil="true"/>
						<ns2:HQBranchIndicator xsi:nil="true"/>
						<ns2:BranchFlag xsi:nil="true"/>
						<ns2:OobInd xsi:nil="true"/>
						<ns2:LineOfBusiness xsi:nil="true"/>
						<ns2:CongDistCode xsi:nil="true"/>
						<ns2:ImportInd xsi:nil="true"/>
						<ns2:ExportInd xsi:nil="true"/>
						<ns2:LaborSurplusInd xsi:nil="true"/>
						<ns2:MinorityOwnedInd xsi:nil="true"/>
						<ns2:MinorityOwnedType xsi:nil="true"/>
						<ns2:WomanOwnedInd xsi:nil="true"/>
						<ns2:Disadv8aInd xsi:nil="true"/>
						<ns2:SmallBusInd xsi:nil="true"/>
						<ns2:RentOwnInd xsi:nil="true"/>
						<ns2:DbRating xsi:nil="true"/>
						<ns2:GSAIndicatorFlag xsi:nil="true"/>
						<ns2:JgzzFiscalCode xsi:nil="true"/>
						<ns2:AnalysisFy xsi:nil="true"/>
						<ns2:FiscalYearendMonth xsi:nil="true"/>
						<ns2:CurrentFiscalYearPotentialRevenueAmount xsi:nil="true"/>
						<ns2:NextFyPotentialRevenueAmount xsi:nil="true"/>
						<ns2:YearEstablished xsi:nil="true"/>
						<ns2:MissionStatement xsi:nil="true"/>
						<ns2:OrganizationType xsi:nil="true"/>
						<ns2:BusinessScope xsi:nil="true"/>
						<ns2:CorporationClass xsi:nil="true"/>
						<ns2:LocalBusIdenType xsi:nil="true"/>
						<ns2:LocalBusIdentifier xsi:nil="true"/>
						<ns2:PreferredFunctionalCurrency xsi:nil="true"/>
						<ns2:RegistrationType xsi:nil="true"/>
						<ns2:TotalEmployeesText xsi:nil="true"/>
						<ns2:TotalEmployeesInd xsi:nil="true"/>
						<ns2:TotalEmployeesEstimatedIndicator xsi:nil="true"/>
						<ns2:TotalEmployeesMinimumIndicator xsi:nil="true"/>
						<ns2:ParentSubInd xsi:nil="true"/>
						<ns2:IncorpYear xsi:nil="true"/>
						<ns2:LastUpdateDate>2022-01-21T22:28:21.979Z</ns2:LastUpdateDate>
						<ns2:LastUpdatedBy>kymeta_api</ns2:LastUpdatedBy>
						<ns2:CreationDate>2022-01-21T22:28:21.048Z</ns2:CreationDate>
						<ns2:CreatedBy>kymeta_api</ns2:CreatedBy>
						<ns2:LastUpdateLogin>D3C317DD7292B96DE053B68F480ACE2C</ns2:LastUpdateLogin>
						<ns2:RequestId xsi:nil="true"/>
						<ns2:ContentSourceNumber xsi:nil="true"/>
						<ns2:EffectiveStartDate>2022-01-21</ns2:EffectiveStartDate>
						<ns2:EffectiveEndDate>4712-12-31</ns2:EffectiveEndDate>
						<ns2:PublicPrivateOwnershipFlag xsi:nil="true"/>
						<ns2:LocalActivityCodeType xsi:nil="true"/>
						<ns2:LocalActivityCode xsi:nil="true"/>
						<ns2:EmployeesAtPrimaryAddress xsi:nil="true"/>
						<ns2:EmployeesAtPrimaryAddressText xsi:nil="true"/>
						<ns2:EmployeesAtPrimaryAddressEstimation xsi:nil="true"/>
						<ns2:EmployeesAtPrimaryAddressMinimum xsi:nil="true"/>
						<ns2:InternalFlag>false</ns2:InternalFlag>
						<ns2:TotalPaymentAmount xsi:nil="true"/>
						<ns2:DisplayedDUNSPartyIdentifier xsi:nil="true"/>
						<ns2:Status>A</ns2:Status>
						<ns2:DUNSNumberC xsi:nil="true"/>
						<ns2:CreatedByModule>HZ_WS</ns2:CreatedByModule>
						<ns2:BankOrBranchNumber xsi:nil="true"/>
						<ns2:BankCode xsi:nil="true"/>
						<ns2:BranchCode xsi:nil="true"/>
						<ns2:DoNotConfuseWith xsi:nil="true"/>
						<ns2:HomeCountry xsi:nil="true"/>
						<ns2:GrowthStrategyDescription xsi:nil="true"/>
						<ns2:SeblUserKeyLoc xsi:nil="true"/>
						<ns2:StockSymbol xsi:nil="true"/>
						<ns2:TradingPartnerIdentifier xsi:nil="true"/>
						<ns2:OrigSystem xsi:nil="true"/>
						<ns2:OrigSystemReference>UNIT_TEST_REF</ns2:OrigSystemReference>
						<ns2:EffectiveSequence>1</ns2:EffectiveSequence>
						<ns2:Comments xsi:nil="true"/>
						<ns2:EffectiveLatestChange>Y</ns2:EffectiveLatestChange>
						<ns2:OrganizationSize xsi:nil="true"/>
						<ns2:SuffixOverriddenFlag>false</ns2:SuffixOverriddenFlag>
						<ns2:UniqueNameAlias>Unit Test Alpha</ns2:UniqueNameAlias>
						<ns2:UniqueNameSuffix xsi:nil="true"/>
						<ns2:DomesticUltimateDUNSNumberC xsi:nil="true"/>
						<ns2:GlobalUltimateDUNSNumberC xsi:nil="true"/>
						<ns2:ParentDUNSNumberC xsi:nil="true"/>
						<ns2:CorpCurrencyCode>USD</ns2:CorpCurrencyCode>
						<ns2:CurcyConvRateType>Corporate</ns2:CurcyConvRateType>
						<ns2:CurrencyCode>USD</ns2:CurrencyCode>
						<ns2:PartyNumber>864142</ns2:PartyNumber>
						<ns2:CertificationLevel xsi:nil="true"/>
						<ns2:CertReasonCode xsi:nil="true"/>
						<ns2:PreferredContactMethod xsi:nil="true"/>
						<ns2:PreferredContactPersonId xsi:nil="true"/>
						<ns2:PreferredContactName xsi:nil="true"/>
						<ns2:PreferredContactEmailAddress xsi:nil="true"/>
						<ns2:PreferredContactFormattedPhoneNumber xsi:nil="true"/>
						<ns2:PrimaryAddressLine1>2268 Goon Street</ns2:PrimaryAddressLine1>
						<ns2:PrimaryAddressLine2 xsi:nil="true"/>
						<ns2:PrimaryAddressLine3 xsi:nil="true"/>
						<ns2:PrimaryAddressLine4 xsi:nil="true"/>
						<ns2:Alias xsi:nil="true"/>
						<ns2:PrimaryAddressCity>Redmond</ns2:PrimaryAddressCity>
						<ns2:PrimaryAddressCountry>US</ns2:PrimaryAddressCountry>
						<ns2:PrimaryAddressCounty xsi:nil="true"/>
						<ns2:PrimaryEmailAddress xsi:nil="true"/>
						<ns2:PrimaryFormattedAddress xsi:nil="true"/>
						<ns2:PrimaryFormattedPhoneNumber xsi:nil="true"/>
						<ns2:IdenAddrLocationId>300000100488708</ns2:IdenAddrLocationId>
						<ns2:IdenAddrPartySiteId>300000100488712</ns2:IdenAddrPartySiteId>
						<ns2:PrimaryLanguage xsi:nil="true"/>
						<ns2:PartyUniqueName>Alpha Trouble Alpha</ns2:PartyUniqueName>
						<ns2:PrimaryAddressPostalCode>98052</ns2:PrimaryAddressPostalCode>
						<ns2:PreferredName xsi:nil="true"/>
						<ns2:PreferredNameId xsi:nil="true"/>
						<ns2:PrimaryEmailId xsi:nil="true"/>
						<ns2:PrimaryPhoneAreaCode xsi:nil="true"/>
						<ns2:PrimaryPhoneId xsi:nil="true"/>
						<ns2:PrimaryPhoneCountryCode xsi:nil="true"/>
						<ns2:PrimaryPhoneExtension xsi:nil="true"/>
						<ns2:PrimaryPhoneLineType xsi:nil="true"/>
						<ns2:PrimaryPhoneNumber xsi:nil="true"/>
						<ns2:PrimaryPhonePurpose xsi:nil="true"/>
						<ns2:PrimaryWebId xsi:nil="true"/>
						<ns2:Pronunciation xsi:nil="true"/>
						<ns2:PrimaryAddressProvince xsi:nil="true"/>
						<ns2:SICCode xsi:nil="true"/>
						<ns2:SICCodeType xsi:nil="true"/>
						<ns2:PrimaryAddressState>WA</ns2:PrimaryAddressState>
						<ns2:PrimaryURL xsi:nil="true"/>
						<ns2:ValidatedFlag xsi:nil="true"/>
						<ns2:ThirdPartyFlag xsi:nil="true"/>
						<ns2:LastUpdateSourceSystem>UNKNOWN</ns2:LastUpdateSourceSystem>
						<ns2:LastSourceUpdateDate>2022-01-21T22:28:21.0Z</ns2:LastSourceUpdateDate>
						<ns2:DataCloudStatus xsi:nil="true"/>
						<ns2:LastEnrichmentDate xsi:nil="true"/>
					</ns2:OrganizationProfile>
					<ns2:PartySite
						xmlns:ns7="http://xmlns.oracle.com/apps/cdm/foundation/parties/flex/partySite/">
						<ns1:PartySiteId>300000100488712</ns1:PartySiteId>
						<ns1:PartyId>300000100488711</ns1:PartyId>
						<ns1:LocationId>300000100488708</ns1:LocationId>
						<ns1:LastUpdateDate>2022-01-21T22:28:22.066Z</ns1:LastUpdateDate>
						<ns1:PartySiteNumber>972153</ns1:PartySiteNumber>
						<ns1:LastUpdatedBy>kymeta_api</ns1:LastUpdatedBy>
						<ns1:CreationDate>2022-01-21T22:28:21.483Z</ns1:CreationDate>
						<ns1:CreatedBy>kymeta_api</ns1:CreatedBy>
						<ns1:LastUpdateLogin>D3C317DD7292B96DE053B68F480ACE2C</ns1:LastUpdateLogin>
						<ns1:RequestId xsi:nil="true"/>
						<ns1:OrigSystem xsi:nil="true"/>
						<ns1:OrigSystemReference>UNIT_TEST_SITE_REF</ns1:OrigSystemReference>
						<ns1:StartDateActive>2022-01-21</ns1:StartDateActive>
						<ns1:EndDateActive>4712-12-31</ns1:EndDateActive>
						<ns1:Mailstop xsi:nil="true"/>
						<ns1:IdentifyingAddressFlag>true</ns1:IdentifyingAddressFlag>
						<ns1:Language xsi:nil="true"/>
						<ns1:Status>A</ns1:Status>
						<ns1:PartySiteName>Unit Test Alpha One</ns1:PartySiteName>
						<ns1:Addressee xsi:nil="true"/>
						<ns1:CreatedByModule>HZ_WS</ns1:CreatedByModule>
						<ns1:GlobalLocationNumber xsi:nil="true"/>
						<ns1:DUNSNumberC xsi:nil="true"/>
						<ns1:Comments xsi:nil="true"/>
						<ns1:PartySiteType xsi:nil="true"/>
						<ns1:PartyNameDba xsi:nil="true"/>
						<ns1:PartyNameDivision xsi:nil="true"/>
						<ns1:PartyNameLegal xsi:nil="true"/>
						<ns1:RelationshipId xsi:nil="true"/>
						<ns1:PartyUsageCode xsi:nil="true"/>
						<ns1:UsageCode>GEOGRAPHY</ns1:UsageCode>
						<ns1:FormattedAddress>2268 Goon Street,REDMOND, WA 98052</ns1:FormattedAddress>
						<ns1:Country>US</ns1:Country>
						<ns1:Address1>2268 Goon Street</ns1:Address1>
						<ns1:Address2 xsi:nil="true"/>
						<ns1:Address3 xsi:nil="true"/>
						<ns1:Address4 xsi:nil="true"/>
						<ns1:City>Redmond</ns1:City>
						<ns1:PostalCode>98052</ns1:PostalCode>
						<ns1:State>WA</ns1:State>
						<ns1:Province xsi:nil="true"/>
						<ns1:County xsi:nil="true"/>
						<ns1:AddressStyle xsi:nil="true"/>
						<ns1:ValidatedFlag>false</ns1:ValidatedFlag>
						<ns1:AddressLinesPhonetic xsi:nil="true"/>
						<ns1:PostalPlus4Code xsi:nil="true"/>
						<ns1:Position xsi:nil="true"/>
						<ns1:LocationDirections xsi:nil="true"/>
						<ns1:AddressExpirationDate xsi:nil="true"/>
						<ns1:LocationLanguage xsi:nil="true"/>
						<ns1:ValidationStatusCode xsi:nil="true"/>
						<ns1:DateValidated xsi:nil="true"/>
						<ns1:DoNotValidateFlag xsi:nil="true"/>
						<ns1:HouseType xsi:nil="true"/>
						<ns1:FormattedMultilineAddress>2268 Goon Street&lt;BR&gt;REDMOND, WA 98052</ns1:FormattedMultilineAddress>
						<ns1:Country1>US</ns1:Country1>
						<ns1:ObjectVersionNumber1>2</ns1:ObjectVersionNumber1>
						<ns1:ContactPreferenceExistFlag>false</ns1:ContactPreferenceExistFlag>
						<ns1:FormattedLocaleAddress xsi:nil="true"/>
						<ns1:CurrencyCode>USD</ns1:CurrencyCode>
						<ns1:CorpCurrencyCode>USD</ns1:CorpCurrencyCode>
						<ns1:CurcyConvRateType>Corporate</ns1:CurcyConvRateType>
						<ns1:InternalFlag>false</ns1:InternalFlag>
						<ns1:OverallPrimaryFlag>true</ns1:OverallPrimaryFlag>
						<ns1:EmailAddress xsi:nil="true"/>
						<ns1:Latitude xsi:nil="true"/>
						<ns1:Longitude xsi:nil="true"/>
						<ns1:PartySiteUse>
							<ns1:PartySiteUseId>300000100488713</ns1:PartySiteUseId>
							<ns1:BeginDate>2022-01-21</ns1:BeginDate>
							<ns1:Comments xsi:nil="true"/>
							<ns1:EndDate>4712-12-31</ns1:EndDate>
							<ns1:PartySiteId>300000100488712</ns1:PartySiteId>
							<ns1:LastUpdateDate>2022-01-21T22:28:21.887Z</ns1:LastUpdateDate>
							<ns1:RequestId xsi:nil="true"/>
							<ns1:LastUpdatedBy>kymeta_api</ns1:LastUpdatedBy>
							<ns1:CreationDate>2022-01-21T22:28:21.524Z</ns1:CreationDate>
							<ns1:CreatedBy>kymeta_api</ns1:CreatedBy>
							<ns1:LastUpdateLogin>D3C317DD7292B96DE053B68F480ACE2C</ns1:LastUpdateLogin>
							<ns1:IntegrationKey>x</ns1:IntegrationKey>
							<ns1:SiteUseType>BILL_TO</ns1:SiteUseType>
							<ns1:PrimaryPerType>Y</ns1:PrimaryPerType>
							<ns1:Status>A</ns1:Status>
							<ns1:ObjectVersionNumber>1</ns1:ObjectVersionNumber>
							<ns1:CreatedByModule>HZ_WS</ns1:CreatedByModule>
						</ns1:PartySiteUse>
						<ns1:PartySiteUse>
							<ns1:PartySiteUseId>300000100488714</ns1:PartySiteUseId>
							<ns1:BeginDate>2022-01-21</ns1:BeginDate>
							<ns1:Comments xsi:nil="true"/>
							<ns1:EndDate>4712-12-31</ns1:EndDate>
							<ns1:PartySiteId>300000100488712</ns1:PartySiteId>
							<ns1:LastUpdateDate>2022-01-21T22:28:21.899Z</ns1:LastUpdateDate>
							<ns1:RequestId xsi:nil="true"/>
							<ns1:LastUpdatedBy>kymeta_api</ns1:LastUpdatedBy>
							<ns1:CreationDate>2022-01-21T22:28:21.725Z</ns1:CreationDate>
							<ns1:CreatedBy>kymeta_api</ns1:CreatedBy>
							<ns1:LastUpdateLogin>D3C317DD7292B96DE053B68F480ACE2C</ns1:LastUpdateLogin>
							<ns1:IntegrationKey>x</ns1:IntegrationKey>
							<ns1:SiteUseType>SHIP_TO</ns1:SiteUseType>
							<ns1:PrimaryPerType>Y</ns1:PrimaryPerType>
							<ns1:Status>A</ns1:Status>
							<ns1:ObjectVersionNumber>1</ns1:ObjectVersionNumber>
							<ns1:CreatedByModule>HZ_WS</ns1:CreatedByModule>
						</ns1:PartySiteUse>
					</ns2:PartySite>
					<ns2:PartyUsageAssignment>
						<ns1:PartyUsgAssignmentId>300000100488715</ns1:PartyUsgAssignmentId>
						<ns1:PartyId>300000100488711</ns1:PartyId>
						<ns1:PartyUsageCode>CUSTOMER</ns1:PartyUsageCode>
						<ns1:EffectiveStartDate>2022-01-21</ns1:EffectiveStartDate>
						<ns1:EffectiveEndDate>4712-12-31</ns1:EffectiveEndDate>
						<ns1:StatusFlag>true</ns1:StatusFlag>
						<ns1:Comments xsi:nil="true"/>
						<ns1:OwnerTableName xsi:nil="true"/>
						<ns1:OwnerTableId xsi:nil="true"/>
						<ns1:CreatedByModule>HZ_WS</ns1:CreatedByModule>
						<ns1:ObjectVersionNumber>1</ns1:ObjectVersionNumber>
						<ns1:CreatedBy>kymeta_api</ns1:CreatedBy>
						<ns1:CreationDate>2022-01-21T22:28:21.745Z</ns1:CreationDate>
						<ns1:LastUpdateLogin>D3C317DD7292B96DE053B68F480ACE2C</ns1:LastUpdateLogin>
						<ns1:LastUpdateDate>2022-01-21T22:28:21.903Z</ns1:LastUpdateDate>
						<ns1:LastUpdatedBy>kymeta_api</ns1:LastUpdatedBy>
						<ns1:RequestId xsi:nil="true"/>
					</ns2:PartyUsageAssignment>
					<ns2:PartyUsageAssignment>
						<ns1:PartyUsgAssignmentId>300000100488716</ns1:PartyUsgAssignmentId>
						<ns1:PartyId>300000100488711</ns1:PartyId>
						<ns1:PartyUsageCode>SALES_ACCOUNT</ns1:PartyUsageCode>
						<ns1:EffectiveStartDate>2022-01-21</ns1:EffectiveStartDate>
						<ns1:EffectiveEndDate>4712-12-31</ns1:EffectiveEndDate>
						<ns1:StatusFlag>true</ns1:StatusFlag>
						<ns1:Comments xsi:nil="true"/>
						<ns1:OwnerTableName xsi:nil="true"/>
						<ns1:OwnerTableId xsi:nil="true"/>
						<ns1:CreatedByModule>HZ_WS</ns1:CreatedByModule>
						<ns1:ObjectVersionNumber>1</ns1:ObjectVersionNumber>
						<ns1:CreatedBy>kymeta_api</ns1:CreatedBy>
						<ns1:CreationDate>2022-01-21T22:28:21.81Z</ns1:CreationDate>
						<ns1:LastUpdateLogin>D3C317DD7292B96DE053B68F480ACE2C</ns1:LastUpdateLogin>
						<ns1:LastUpdateDate>2022-01-21T22:28:21.942Z</ns1:LastUpdateDate>
						<ns1:LastUpdatedBy>kymeta_api</ns1:LastUpdatedBy>
						<ns1:RequestId xsi:nil="true"/>
					</ns2:PartyUsageAssignment>
				</ns2:Value>
			</ns3:result>
		</ns0:createOrganizationResponse>
	</env:Body>
</env:Envelope>